# A2,A3,p2,p3,max
0.50000,0.50000,0.00000,0.00000,1.57099
0.50000,0.50000,0.00000,0.20000,1.51014
0.50000,0.50000,0.00000,0.40000,1.44271
0.50000,0.50000,0.00000,0.60000,1.36901
0.50000,0.50000,0.00000,0.80000,1.28940
0.50000,0.50000,0.20000,0.00000,1.57564
0.50000,0.50000,0.20000,0.20000,1.52255
0.50000,0.50000,0.20000,0.40000,1.46265
0.50000,0.50000,0.20000,0.60000,1.39619
0.50000,0.50000,0.20000,0.80000,1.32347
0.50000,0.50000,0.40000,0.00000,1.56643
0.50000,0.50000,0.40000,0.20000,1.52131
0.50000,0.50000,0.40000,0.40000,1.46928
0.50000,0.50000,0.40000,0.60000,1.41050
0.50000,0.50000,0.40000,0.80000,1.34520
0.50000,0.50000,0.60000,0.00000,1.54332
0.50000,0.50000,0.60000,0.20000,1.50627
0.50000,0.50000,0.60000,0.40000,1.46228
0.50000,0.50000,0.60000,0.60000,1.41147
0.50000,0.50000,0.60000,0.80000,1.35400
0.50000,0.50000,0.80000,0.00000,1.50656
0.50000,0.50000,0.80000,0.20000,1.47747
0.50000,0.50000,0.80000,0.40000,1.44156
0.50000,0.50000,0.80000,0.60000,1.39885
0.50000,0.50000,0.80000,0.80000,1.34944
0.50000,0.75000,0.00000,0.00000,1.78673
0.50000,0.75000,0.00000,0.20000,1.71635
0.50000,0.75000,0.00000,0.40000,1.63821
0.50000,0.75000,0.00000,0.60000,1.55260
0.50000,0.75000,0.00000,0.80000,1.45990
0.50000,0.75000,0.20000,0.00000,1.80072
0.50000,0.75000,0.20000,0.20000,1.73954
0.50000,0.75000,0.20000,0.40000,1.67039
0.50000,0.75000,0.20000,0.60000,1.59352
0.50000,0.75000,0.20000,0.80000,1.50920
0.50000,0.75000,0.40000,0.00000,1.79928
0.50000,0.75000,0.40000,0.20000,1.74753
0.50000,0.75000,0.40000,0.40000,1.68772
0.50000,0.75000,0.40000,0.60000,1.62003
0.50000,0.75000,0.40000,0.80000,1.54467
0.50000,0.75000,0.60000,0.00000,1.78237
0.50000,0.75000,0.60000,0.20000,1.74007
0.50000,0.75000,0.60000,0.40000,1.68977
0.50000,0.75000,0.60000,0.60000,1.63154
0.50000,0.75000,0.60000,0.80000,1.56553
0.50000,0.75000,0.80000,0.00000,1.75026
0.50000,0.75000,0.80000,0.20000,1.71726
0.50000,0.75000,0.80000,0.40000,1.67641
0.50000,0.75000,0.80000,0.60000,1.62773
0.50000,0.75000,0.80000,0.80000,1.57129
0.50000,1.00000,0.00000,0.00000,2.01603
0.50000,1.00000,0.00000,0.20000,1.94013
0.50000,1.00000,0.00000,0.40000,1.85594
0.50000,1.00000,0.00000,0.60000,1.76384
0.50000,1.00000,0.00000,0.80000,1.66428
0.50000,1.00000,0.20000,0.00000,2.03559
0.50000,1.00000,0.20000,0.20000,1.96963
0.50000,1.00000,0.20000,0.40000,1.89512
0.50000,1.00000,0.20000,0.60000,1.81235
0.50000,1.00000,0.20000,0.80000,1.72167
0.50000,1.00000,0.40000,0.00000,2.03886
0.50000,1.00000,0.40000,0.20000,1.98313
0.50000,1.00000,0.40000,0.40000,1.91873
0.50000,1.00000,0.40000,0.60000,1.84586
0.50000,1.00000,0.40000,0.80000,1.76479
0.50000,1.00000,0.60000,0.00000,2.02572
0.50000,1.00000,0.60000,0.20000,1.98027
0.50000,1.00000,0.60000,0.40000,1.92618
0.50000,1.00000,0.60000,0.60000,1.86357
0.50000,1.00000,0.60000,0.80000,1.79261
0.50000,1.00000,0.80000,0.00000,1.99645
0.50000,1.00000,0.80000,0.20000,1.96109
0.50000,1.00000,0.80000,0.40000,1.91728
0.50000,1.00000,0.80000,0.60000,1.86504
0.50000,1.00000,0.80000,0.80000,1.80445
0.50000,1.25000,0.00000,0.00000,2.25220
0.50000,1.25000,0.00000,0.20000,2.17273
0.50000,1.25000,0.00000,0.40000,2.08469
0.50000,1.25000,0.00000,0.60000,1.98855
0.50000,1.25000,0.00000,0.80000,1.88485
0.50000,1.25000,0.20000,0.00000,2.27544
0.50000,1.25000,0.20000,0.20000,2.20634
0.50000,1.25000,0.20000,0.40000,2.12835
0.50000,1.25000,0.20000,0.60000,2.04181
0.50000,1.25000,0.20000,0.80000,1.94717
0.50000,1.25000,0.40000,0.00000,2.28185
0.50000,1.25000,0.40000,0.20000,2.22348
0.50000,1.25000,0.40000,0.40000,2.15606
0.50000,1.25000,0.40000,0.60000,2.07983
0.50000,1.25000,0.40000,0.80000,1.99512
0.50000,1.25000,0.60000,0.00000,2.27126
0.50000,1.25000,0.60000,0.20000,2.22370
0.50000,1.25000,0.60000,0.40000,2.16710
0.50000,1.25000,0.60000,0.60000,2.10160
0.50000,1.25000,0.60000,0.80000,2.02742
0.50000,1.25000,0.80000,0.00000,2.24391
0.50000,1.25000,0.80000,0.20000,2.20696
0.50000,1.25000,0.80000,0.40000,2.16118
0.50000,1.25000,0.80000,0.60000,2.10657
0.50000,1.25000,0.80000,0.80000,2.04326
0.50000,1.50000,0.00000,0.00000,2.49231
0.50000,1.50000,0.00000,0.20000,2.41035
0.50000,1.50000,0.00000,0.40000,2.31966
0.50000,1.50000,0.00000,0.60000,2.22078
0.50000,1.50000,0.00000,0.80000,2.11433
0.50000,1.50000,0.20000,0.00000,2.51816
0.50000,1.50000,0.20000,0.20000,2.44685
0.50000,1.50000,0.20000,0.40000,2.36642
0.50000,1.50000,0.20000,0.60000,2.27728
0.50000,1.50000,0.20000,0.80000,2.17995
0.50000,1.50000,0.40000,0.00000,2.52683
0.50000,1.50000,0.40000,0.20000,2.46657
0.50000,1.50000,0.40000,0.40000,2.39701
0.50000,1.50000,0.40000,0.60000,2.31843
0.50000,1.50000,0.40000,0.80000,2.23119
0.50000,1.50000,0.60000,0.00000,2.51806
0.50000,1.50000,0.60000,0.20000,2.46899
0.50000,1.50000,0.60000,0.40000,2.41060
0.50000,1.50000,0.60000,0.60000,2.34307
0.50000,1.50000,0.60000,0.80000,2.26663
0.50000,1.50000,0.80000,0.00000,2.49208
0.50000,1.50000,0.80000,0.20000,2.45400
0.50000,1.50000,0.80000,0.40000,2.40681
0.50000,1.50000,0.80000,0.60000,2.35052
0.50000,1.50000,0.80000,0.80000,2.28528
0.50000,1.75000,0.00000,0.00000,2.73490
0.50000,1.75000,0.00000,0.20000,2.65109
0.50000,1.75000,0.00000,0.40000,2.55846
0.50000,1.75000,0.00000,0.60000,2.45761
0.50000,1.75000,0.00000,0.80000,2.34922
0.50000,1.75000,0.20000,0.00000,2.76269
0.50000,1.75000,0.20000,0.20000,2.68972
0.50000,1.75000,0.20000,0.40000,2.60750
0.50000,1.75000,0.20000,0.60000,2.51646
0.50000,1.75000,0.20000,0.80000,2.41718
0.50000,1.75000,0.40000,0.00000,2.77304
0.50000,1.75000,0.40000,0.20000,2.71138
0.50000,1.75000,0.40000,0.40000,2.64023
0.50000,1.75000,0.40000,0.60000,2.55990
0.50000,1.75000,0.40000,0.80000,2.47082
0.50000,1.75000,0.60000,0.00000,2.76565
0.50000,1.75000,0.60000,0.20000,2.71544
0.50000,1.75000,0.60000,0.40000,2.65572
0.50000,1.75000,0.60000,0.60000,2.58667
0.50000,1.75000,0.60000,0.80000,2.50856
0.50000,1.75000,0.80000,0.00000,2.74071
0.50000,1.75000,0.80000,0.20000,2.70178
0.50000,1.75000,0.80000,0.40000,2.65352
0.50000,1.75000,0.80000,0.60000,2.59599
0.50000,1.75000,0.80000,0.80000,2.52931
0.75000,0.50000,0.00000,0.00000,1.81955
0.75000,0.50000,0.00000,0.20000,1.75619
0.75000,0.50000,0.00000,0.40000,1.68514
0.75000,0.50000,0.00000,0.60000,1.60689
0.75000,0.50000,0.00000,0.80000,1.52204
0.75000,0.50000,0.20000,0.00000,1.82559
0.75000,0.50000,0.20000,0.20000,1.77221
0.75000,0.50000,0.20000,0.40000,1.71073
0.75000,0.50000,0.20000,0.60000,1.64151
0.75000,0.50000,0.20000,0.80000,1.56501
0.75000,0.50000,0.40000,0.00000,1.81356
0.75000,0.50000,0.40000,0.20000,1.77060
0.75000,0.50000,0.40000,0.40000,1.71928
0.75000,0.50000,0.40000,0.60000,1.65986
0.75000,0.50000,0.40000,0.80000,1.59268
0.75000,0.50000,0.60000,0.00000,1.78327
0.75000,0.50000,0.60000,0.20000,1.75096
0.75000,0.50000,0.60000,0.40000,1.71019
0.75000,0.50000,0.60000,0.60000,1.66111
0.75000,0.50000,0.60000,0.80000,1.60395
0.75000,0.50000,0.80000,0.00000,1.73481
0.75000,0.50000,0.80000,0.20000,1.71319
0.75000,0.50000,0.80000,0.40000,1.68314
0.75000,0.50000,0.80000,0.60000,1.64472
0.75000,0.50000,0.80000,0.80000,1.59806
0.75000,0.75000,0.00000,0.00000,2.03142
0.75000,0.75000,0.00000,0.20000,1.95559
0.75000,0.75000,0.00000,0.40000,1.87016
0.75000,0.75000,0.00000,0.60000,1.77550
0.75000,0.75000,0.00000,0.80000,1.67205
0.75000,0.75000,0.20000,0.00000,2.05027
0.75000,0.75000,0.20000,0.20000,1.98678
0.75000,0.75000,0.20000,0.40000,1.91338
0.75000,0.75000,0.20000,0.60000,1.83037
0.75000,0.75000,0.20000,0.80000,1.73810
0.75000,0.75000,0.40000,0.00000,2.04833
0.75000,0.75000,0.40000,0.20000,1.99753
0.75000,0.75000,0.40000,0.40000,1.93666
0.75000,0.75000,0.40000,0.60000,1.86592
0.75000,0.75000,0.40000,0.80000,1.78558
0.75000,0.75000,0.60000,0.00000,2.02545
0.75000,0.75000,0.60000,0.20000,1.98747
0.75000,0.75000,0.60000,0.40000,1.93941
0.75000,0.75000,0.60000,0.60000,1.88137
0.75000,0.75000,0.60000,0.80000,1.81353
0.75000,0.75000,0.80000,0.00000,1.98185
0.75000,0.75000,0.80000,0.20000,1.95659
0.75000,0.75000,0.80000,0.40000,1.92138
0.75000,0.75000,0.80000,0.60000,1.87625
0.75000,0.75000,0.80000,0.80000,1.82125
0.75000,1.00000,0.00000,0.00000,2.25713
0.75000,1.00000,0.00000,0.20000,2.17360
0.75000,1.00000,0.00000,0.40000,2.07946
0.75000,1.00000,0.00000,0.60000,1.97514
0.75000,1.00000,0.00000,0.80000,1.86113
0.75000,1.00000,0.20000,0.00000,2.28408
0.75000,1.00000,0.20000,0.20000,2.21423
0.75000,1.00000,0.20000,0.40000,2.13345
0.75000,1.00000,0.20000,0.60000,2.04206
0.75000,1.00000,0.20000,0.80000,1.94045
0.75000,1.00000,0.40000,0.00000,2.28858
0.75000,1.00000,0.40000,0.20000,2.23280
0.75000,1.00000,0.40000,0.40000,2.16592
0.75000,1.00000,0.40000,0.60000,2.08816
0.75000,1.00000,0.40000,0.80000,1.99981
0.75000,1.00000,0.60000,0.00000,2.27046
0.75000,1.00000,0.60000,0.20000,2.22886
0.75000,1.00000,0.60000,0.40000,2.17618
0.75000,1.00000,0.60000,0.60000,2.11250
0.75000,1.00000,0.60000,0.80000,2.03803
0.75000,1.00000,0.80000,0.00000,2.22997
0.75000,1.00000,0.80000,0.20000,2.20239
0.75000,1.00000,0.80000,0.40000,2.16391
0.75000,1.00000,0.80000,0.60000,2.11453
0.75000,1.00000,0.80000,0.80000,2.05430
0.75000,1.25000,0.00000,0.00000,2.49036
0.75000,1.25000,0.00000,0.20000,2.40164
0.75000,1.25000,0.00000,0.40000,2.30175
0.75000,1.25000,0.00000,0.60000,2.19119
0.75000,1.25000,0.00000,0.80000,2.07055
0.75000,1.25000,0.20000,0.00000,2.52284
0.75000,1.25000,0.20000,0.20000,2.44866
0.75000,1.25000,0.20000,0.40000,2.36290
0.75000,1.25000,0.20000,0.60000,2.26594
0.75000,1.25000,0.20000,0.80000,2.15826
0.75000,1.25000,0.40000,0.00000,2.53180
0.75000,1.25000,0.40000,0.20000,2.47260
0.75000,1.25000,0.40000,0.40000,2.40161
0.75000,1.25000,0.40000,0.60000,2.31910
0.75000,1.25000,0.40000,0.80000,2.22541
0.75000,1.25000,0.60000,0.00000,2.51699
0.75000,1.25000,0.60000,0.20000,2.47290
0.75000,1.25000,0.60000,0.40000,2.41702
0.75000,1.25000,0.60000,0.60000,2.34950
0.75000,1.25000,0.60000,0.80000,2.27053
0.75000,1.25000,0.80000,0.00000,2.47867
0.75000,1.25000,0.80000,0.20000,2.44949
0.75000,1.25000,0.80000,0.40000,2.40875
0.75000,1.25000,0.80000,0.60000,2.35643
0.75000,1.25000,0.80000,0.80000,2.29262
0.75000,1.50000,0.00000,0.00000,2.72809
0.75000,1.50000,0.00000,0.20000,2.63566
0.75000,1.50000,0.00000,0.40000,2.53171
0.75000,1.50000,0.00000,0.60000,2.41681
0.75000,1.50000,0.00000,0.80000,2.29168
0.75000,1.50000,0.20000,0.00000,2.76460
0.75000,1.50000,0.20000,0.20000,2.68727
0.75000,1.50000,0.20000,0.40000,2.59794
0.75000,1.50000,0.20000,0.60000,2.49704
0.75000,1.50000,0.20000,0.80000,2.38512
0.75000,1.50000,0.40000,0.00000,2.77683
0.75000,1.50000,0.40000,0.20000,2.71512
0.75000,1.50000,0.40000,0.40000,2.64115
0.75000,1.50000,0.40000,0.60000,2.55523
0.75000,1.50000,0.40000,0.80000,2.45774
0.75000,1.50000,0.60000,0.00000,2.76445
0.75000,1.50000,0.60000,0.20000,2.71852
0.75000,1.50000,0.60000,0.40000,2.66032
0.75000,1.50000,0.60000,0.60000,2.58999
0.75000,1.50000,0.60000,0.80000,2.50779
0.75000,1.50000,0.80000,0.00000,2.72771
0.75000,1.50000,0.80000,0.20000,2.69736
0.75000,1.50000,0.80000,0.40000,2.65496
0.75000,1.50000,0.80000,0.60000,2.60051
0.75000,1.50000,0.80000,0.80000,2.53409
0.75000,1.75000,0.00000,0.00000,2.96874
0.75000,1.75000,0.00000,0.20000,2.87353
0.75000,1.75000,0.00000,0.40000,2.76656
0.75000,1.75000,0.00000,0.60000,2.64849
0.75000,1.75000,0.00000,0.80000,2.52012
0.75000,1.75000,0.20000,0.00000,3.00830
0.75000,1.75000,0.20000,0.20000,2.92859
0.75000,1.75000,0.20000,0.40000,2.83657
0.75000,1.75000,0.20000,0.60000,2.73274
0.75000,1.75000,0.20000,0.80000,2.61771
0.75000,1.75000,0.40000,0.00000,3.02301
0.75000,1.75000,0.40000,0.20000,2.95940
0.75000,1.75000,0.40000,0.40000,2.88317
0.75000,1.75000,0.40000,0.60000,2.79468
0.75000,1.75000,0.40000,0.80000,2.69436
0.75000,1.75000,0.60000,0.00000,3.01250
0.75000,1.75000,0.60000,0.20000,2.96517
0.75000,1.75000,0.60000,0.40000,2.90519
0.75000,1.75000,0.60000,0.60000,2.83275
0.75000,1.75000,0.60000,0.80000,2.74810
0.75000,1.75000,0.80000,0.00000,2.97699
0.75000,1.75000,0.80000,0.20000,2.94574
0.75000,1.75000,0.80000,0.40000,2.90207
0.75000,1.75000,0.80000,0.60000,2.84598
0.75000,1.75000,0.80000,0.80000,2.77759
1.00000,0.50000,0.00000,0.00000,2.06846
1.00000,0.50000,0.00000,0.20000,2.00322
1.00000,0.50000,0.00000,0.40000,1.92955
1.00000,0.50000,0.00000,0.60000,1.84812
1.00000,0.50000,0.00000,0.80000,1.75982
1.00000,0.50000,0.20000,0.00000,2.07555
1.00000,0.50000,0.20000,0.20000,2.02195
1.00000,0.50000,0.20000,0.40000,1.95928
1.00000,0.50000,0.20000,0.60000,1.88806
1.00000,0.50000,0.20000,0.80000,1.80889
1.00000,0.50000,0.40000,0.00000,2.06135
1.00000,0.50000,0.40000,0.20000,2.02005
1.00000,0.50000,0.40000,0.40000,1.96928
1.00000,0.50000,0.40000,0.60000,1.90939
1.00000,0.50000,0.40000,0.80000,1.84081
1.00000,0.50000,0.60000,0.00000,2.02547
1.00000,0.50000,0.60000,0.20000,1.99686
1.00000,0.50000,0.60000,0.40000,1.95858
1.00000,0.50000,0.60000,0.60000,1.91083
1.00000,0.50000,0.60000,0.80000,1.85391
1.00000,0.50000,0.80000,0.00000,1.96785
1.00000,0.50000,0.80000,0.20000,1.95211
1.00000,0.50000,0.80000,0.40000,1.92664
1.00000,0.50000,0.80000,0.60000,1.89156
1.00000,0.50000,0.80000,0.80000,1.84701
1.00000,0.75000,0.00000,0.00000,2.27712
1.00000,0.75000,0.00000,0.20000,2.19691
1.00000,0.75000,0.00000,0.40000,2.10569
1.00000,0.75000,0.00000,0.60000,2.00395
1.00000,0.75000,0.00000,0.80000,1.89226
1.00000,0.75000,0.20000,0.00000,2.29991
1.00000,0.75000,0.20000,0.20000,2.23454
1.00000,0.75000,0.20000,0.40000,2.15772
1.00000,0.75000,0.20000,0.60000,2.06984
1.00000,0.75000,0.20000,0.80000,1.97132
1.00000,0.75000,0.40000,0.00000,2.29755
1.00000,0.75000,0.40000,0.20000,2.24752
1.00000,0.75000,0.40000,0.40000,2.18579
1.00000,0.75000,0.40000,0.60000,2.11261
1.00000,0.75000,0.40000,0.80000,2.02830
1.00000,0.75000,0.60000,0.00000,2.26977
1.00000,0.75000,0.60000,0.20000,2.23534
1.00000,0.75000,0.60000,0.40000,2.18911
1.00000,0.75000,0.60000,0.60000,2.13123
1.00000,0.75000,0.60000,0.80000,2.06191
1.00000,0.75000,0.80000,0.00000,2.21667
1.00000,0.75000,0.80000,0.20000,2.19783
1.00000,0.75000,0.80000,0.40000,2.16727
1.00000,0.75000,0.80000,0.60000,2.12504
1.00000,0.75000,0.80000,0.80000,2.07122
1.00000,1.00000,0.00000,0.00000,2.49961
1.00000,1.00000,0.00000,0.20000,2.40964
1.00000,1.00000,0.00000,0.40000,2.30717
1.00000,1.00000,0.00000,0.60000,2.19267
1.00000,1.00000,0.00000,0.80000,2.06668
1.00000,1.00000,0.20000,0.00000,2.53279
1.00000,1.00000,0.20000,0.20000,2.45966
1.00000,1.00000,0.20000,0.40000,2.37361
1.00000,1.00000,0.20000,0.60000,2.27500
1.00000,1.00000,0.20000,0.80000,2.16427
1.00000,1.00000,0.40000,0.00000,2.53834
1.00000,1.00000,0.40000,0.20000,2.48252
1.00000,1.00000,0.40000,0.40000,2.41355
1.00000,1.00000,0.40000,0.60000,2.33168
1.00000,1.00000,0.40000,0.80000,2.23722
1.00000,1.00000,0.60000,0.00000,2.51597
1.00000,1.00000,0.60000,0.20000,2.47767
1.00000,1.00000,0.60000,0.40000,2.42617
1.00000,1.00000,0.60000,0.60000,2.36160
1.00000,1.00000,0.60000,0.80000,2.28417
1.00000,1.00000,0.80000,0.00000,2.46589
1.00000,1.00000,0.80000,0.20000,2.44499
1.00000,1.00000,0.80000,0.40000,2.41106
1.00000,1.00000,0.80000,0.60000,2.36409
1.00000,1.00000,0.80000,0.80000,2.30416
1.00000,1.25000,0.00000,0.00000,2.73005
1.00000,1.25000,0.00000,0.20000,2.63331
1.00000,1.25000,0.00000,0.40000,2.52313
1.00000,1.25000,0.00000,0.60000,2.40006
1.00000,1.25000,0.00000,0.80000,2.26474
1.00000,1.25000,0.20000,0.00000,2.77058
1.00000,1.25000,0.20000,0.20000,2.69198
1.00000,1.25000,0.20000,0.40000,2.59948
1.00000,1.25000,0.20000,0.60000,2.49350
1.00000,1.25000,0.20000,0.80000,2.37452
1.00000,1.25000,0.40000,0.00000,2.78176
1.00000,1.25000,0.40000,0.20000,2.72183
1.00000,1.25000,0.40000,0.40000,2.64775
1.00000,1.25000,0.40000,0.60000,2.55980
1.00000,1.25000,0.40000,0.80000,2.45833
1.00000,1.25000,0.60000,0.00000,2.76327
1.00000,1.25000,0.60000,0.20000,2.72220
1.00000,1.25000,0.60000,0.40000,2.66696
1.00000,1.25000,0.60000,0.60000,2.59767
1.00000,1.25000,0.60000,0.80000,2.51456
1.00000,1.25000,0.80000,0.00000,2.71533
1.00000,1.25000,0.80000,0.20000,2.69297
1.00000,1.25000,0.80000,0.40000,2.65663
1.00000,1.25000,0.80000,0.60000,2.60631
1.00000,1.25000,0.80000,0.80000,2.54206
1.00000,1.50000,0.00000,0.00000,2.96546
1.00000,1.50000,0.00000,0.20000,2.86375
1.00000,1.50000,0.00000,0.40000,2.74801
1.00000,1.50000,0.00000,0.60000,2.61886
1.00000,1.50000,0.00000,0.80000,2.47705
1.00000,1.50000,0.20000,0.00000,3.01144
1.00000,1.50000,0.20000,0.20000,2.92878
1.00000,1.50000,0.20000,0.40000,2.83156
1.00000,1.50000,0.20000,0.60000,2.72022
1.00000,1.50000,0.20000,0.80000,2.59536
1.00000,1.50000,0.40000,0.00000,3.02683
1.00000,1.50000,0.40000,0.20000,2.96382
1.00000,1.50000,0.40000,0.40000,2.88596
1.00000,1.50000,0.40000,0.60000,2.79354
1.00000,1.50000,0.40000,0.80000,2.68697
1.00000,1.50000,0.60000,0.00000,3.01124
1.00000,1.50000,0.60000,0.20000,2.96810
1.00000,1.50000,0.60000,0.40000,2.91007
1.00000,1.50000,0.60000,0.60000,2.83727
1.00000,1.50000,0.60000,0.80000,2.74997
1.00000,1.50000,0.80000,0.00000,2.96492
1.00000,1.50000,0.80000,0.20000,2.94146
1.00000,1.50000,0.80000,0.40000,2.90333
1.00000,1.50000,0.80000,0.60000,2.85049
1.00000,1.50000,0.80000,0.80000,2.78304
1.00000,1.75000,0.00000,0.00000,3.20417
1.00000,1.75000,0.00000,0.20000,3.09868
1.00000,1.75000,0.00000,0.40000,2.97874
1.00000,1.75000,0.00000,0.60000,2.84508
1.00000,1.75000,0.00000,0.80000,2.69852
1.00000,1.75000,0.20000,0.00000,3.25434
1.00000,1.75000,0.20000,0.20000,3.16857
1.00000,1.75000,0.20000,0.40000,3.06773
1.00000,1.75000,0.20000,0.60000,2.95235
1.00000,1.75000,0.20000,0.80000,2.82308
1.00000,1.75000,0.40000,0.00000,3.27299
1.00000,1.75000,0.40000,0.20000,3.20761
1.00000,1.75000,0.40000,0.40000,3.12682
1.00000,1.75000,0.40000,0.60000,3.03098
1.00000,1.75000,0.40000,0.80000,2.92055
1.00000,1.75000,0.60000,0.00000,3.25966
1.00000,1.75000,0.60000,0.20000,3.21492
1.00000,1.75000,0.60000,0.40000,3.15472
1.00000,1.75000,0.60000,0.60000,3.07922
1.00000,1.75000,0.60000,0.80000,2.98871
1.00000,1.75000,0.80000,0.00000,3.21460
1.00000,1.75000,0.80000,0.20000,3.19029
1.00000,1.75000,0.80000,0.40000,3.15076
1.00000,1.75000,0.80000,0.60000,3.09598
1.00000,1.75000,0.80000,0.80000,3.02605
1.25000,0.50000,0.00000,0.00000,2.31761
1.25000,0.50000,0.00000,0.20000,2.25092
1.25000,0.50000,0.00000,0.40000,2.17527
1.25000,0.50000,0.00000,0.60000,2.09155
1.25000,0.50000,0.00000,0.80000,2.00090
1.25000,0.50000,0.20000,0.00000,2.32551
1.25000,0.50000,0.20000,0.20000,2.27174
1.25000,0.50000,0.20000,0.40000,2.20817
1.25000,0.50000,0.20000,0.60000,2.13541
1.25000,0.50000,0.20000,0.80000,2.05428
1.25000,0.50000,0.40000,0.00000,2.30959
1.25000,0.50000,0.40000,0.20000,2.26961
1.25000,0.50000,0.40000,0.40000,2.21928
1.25000,0.50000,0.40000,0.60000,2.15901
1.25000,0.50000,0.40000,0.80000,2.08938
1.25000,0.50000,0.60000,0.00000,2.26923
1.25000,0.50000,0.60000,0.20000,2.24361
1.25000,0.50000,0.60000,0.40000,2.20732
1.25000,0.50000,0.60000,0.60000,2.16062
1.25000,0.50000,0.60000,0.80000,2.10388
1.25000,0.50000,0.80000,0.00000,2.20428
1.25000,0.50000,0.80000,0.20000,2.19326
1.25000,0.50000,0.80000,0.40000,2.17148
1.25000,0.50000,0.80000,0.60000,2.13905
1.25000,0.50000,0.80000,0.80000,2.09619
1.25000,0.75000,0.00000,0.00000,2.52356
1.25000,0.75000,0.00000,0.20000,2.43978
1.25000,0.75000,0.00000,0.40000,2.34390
1.25000,0.75000,0.00000,0.60000,2.23656
1.25000,0.75000,0.00000,0.80000,2.11852
1.25000,0.75000,0.20000,0.00000,2.54960
1.25000,0.75000,0.20000,0.20000,2.48269
1.25000,0.75000,0.20000,0.40000,2.40308
1.25000,0.75000,0.20000,0.60000,2.31124
1.25000,0.75000,0.20000,0.80000,2.20776
1.25000,0.75000,0.40000,0.00000,2.54690
1.25000,0.75000,0.40000,0.20000,2.49752
1.25000,0.75000,0.40000,0.40000,2.43508
1.25000,0.75000,0.40000,0.60000,2.35988
1.25000,0.75000,0.40000,0.80000,2.27236
1.25000,0.75000,0.60000,0.00000,2.51501
1.25000,0.75000,0.60000,0.20000,2.48356
1.25000,0.75000,0.60000,0.40000,2.43887
1.25000,0.75000,0.60000,0.60000,2.38112
1.25000,0.75000,0.60000,0.80000,2.31058
1.25000,0.75000,0.80000,0.00000,2.45396
1.25000,0.75000,0.80000,0.20000,2.44050
1.25000,0.75000,0.80000,0.40000,2.41384
1.25000,0.75000,0.80000,0.60000,2.37403
1.25000,0.75000,0.80000,0.80000,2.32120
1.25000,1.00000,0.00000,0.00000,2.74317
1.25000,1.00000,0.00000,0.20000,2.64774
1.25000,1.00000,0.00000,0.40000,2.53823
1.25000,1.00000,0.00000,0.60000,2.41520
1.25000,1.00000,0.00000,0.80000,2.27930
1.25000,1.00000,0.20000,0.00000,2.78169
1.25000,1.00000,0.20000,0.20000,2.70575
1.25000,1.00000,0.20000,0.40000,2.61521
1.25000,1.00000,0.20000,0.60000,2.51050
1.25000,1.00000,0.20000,0.80000,2.39212
1.25000,1.00000,0.40000,0.00000,2.78813
1.25000,1.00000,0.40000,0.20000,2.73228
1.25000,1.00000,0.40000,0.40000,2.66153
1.25000,1.00000,0.40000,0.60000,2.57615
1.25000,1.00000,0.40000,0.80000,2.47652
1.25000,1.00000,0.60000,0.00000,2.76211
1.25000,1.00000,0.60000,0.20000,2.72664
1.25000,1.00000,0.60000,0.40000,2.67617
1.25000,1.00000,0.60000,0.60000,2.61083
1.25000,1.00000,0.60000,0.80000,2.53088
1.25000,1.00000,0.80000,0.00000,2.70374
1.25000,1.00000,0.80000,0.20000,2.68861
1.25000,1.00000,0.80000,0.40000,2.65860
1.25000,1.00000,0.80000,0.60000,2.61371
1.25000,1.00000,0.80000,0.80000,2.55405
1.25000,1.25000,0.00000,0.00000,2.97102
1.25000,1.25000,0.00000,0.20000,2.86726
1.25000,1.25000,0.00000,0.40000,2.74812
1.25000,1.25000,0.00000,0.60000,2.61420
1.25000,1.25000,0.00000,0.80000,2.46616
1.25000,1.25000,0.20000,0.00000,3.01860
1.25000,1.25000,0.20000,0.20000,2.93612
1.25000,1.25000,0.20000,0.40000,2.83774
1.25000,1.25000,0.20000,0.60000,2.72389
1.25000,1.25000,0.20000,0.80000,2.59511
1.25000,1.25000,0.40000,0.00000,3.03172
1.25000,1.25000,0.40000,0.20000,2.97115
1.25000,1.25000,0.40000,0.40000,2.89437
1.25000,1.25000,0.40000,0.60000,2.80166
1.25000,1.25000,0.40000,0.80000,2.69342
1.25000,1.25000,0.60000,0.00000,3.00999
1.25000,1.25000,0.60000,0.20000,2.97158
1.25000,1.25000,0.60000,0.40000,2.91690
1.25000,1.25000,0.60000,0.60000,2.84607
1.25000,1.25000,0.60000,0.80000,2.75933
1.25000,1.25000,0.80000,0.00000,2.95358
1.25000,1.25000,0.80000,0.20000,2.93723
1.25000,1.25000,0.80000,0.40000,2.90478
1.25000,1.25000,0.80000,0.60000,2.85620
1.25000,1.25000,0.80000,0.80000,2.79157
1.25000,1.50000,0.00000,0.00000,3.20420
1.25000,1.50000,0.00000,0.20000,3.09421
1.25000,1.50000,0.00000,0.40000,2.96797
1.25000,1.50000,0.00000,0.60000,2.82614
1.25000,1.50000,0.00000,0.80000,2.66947
1.25000,1.50000,0.20000,0.00000,3.25862
1.25000,1.50000,0.20000,0.20000,3.17121
1.25000,1.50000,0.20000,0.40000,3.06695
1.25000,1.50000,0.20000,0.60000,2.94633
1.25000,1.50000,0.20000,0.80000,2.80995
1.25000,1.50000,0.40000,0.00000,3.27683
1.25000,1.50000,0.40000,0.20000,3.21267
1.25000,1.50000,0.40000,0.40000,3.13132
1.25000,1.50000,0.40000,0.60000,3.03311
1.25000,1.50000,0.40000,0.80000,2.91847
1.25000,1.50000,0.60000,0.00000,3.25837
1.25000,1.50000,0.60000,0.20000,3.21773
1.25000,1.50000,0.60000,0.40000,3.15984
1.25000,1.50000,0.60000,0.60000,3.08484
1.25000,1.50000,0.60000,0.80000,2.99300
1.25000,1.50000,0.80000,0.00000,3.20345
1.25000,1.50000,0.80000,0.20000,3.18618
1.25000,1.50000,0.80000,0.40000,3.15186
1.25000,1.50000,0.80000,0.60000,3.10048
1.25000,1.50000,0.80000,0.80000,3.03210
1.25000,1.75000,0.00000,0.00000,3.44100
1.25000,1.75000,0.00000,0.20000,3.32619
1.25000,1.75000,0.00000,0.40000,3.19452
1.25000,1.75000,0.00000,0.60000,3.04672
1.25000,1.75000,0.00000,0.80000,2.88367
1.25000,1.75000,0.20000,0.00000,3.50077
1.25000,1.75000,0.20000,0.20000,3.40950
1.25000,1.75000,0.20000,0.40000,3.30069
1.25000,1.75000,0.20000,0.60000,3.17487
1.25000,1.75000,0.20000,0.80000,3.03273
1.25000,1.75000,0.40000,0.00000,3.52297
1.25000,1.75000,0.40000,0.20000,3.45599
1.25000,1.75000,0.40000,0.40000,3.37108
1.25000,1.75000,0.40000,0.60000,3.26860
1.25000,1.75000,0.40000,0.80000,3.14903
1.25000,1.75000,0.60000,0.00000,3.50709
1.25000,1.75000,0.60000,0.20000,3.46470
1.25000,1.75000,0.60000,0.40000,3.40429
1.25000,1.75000,0.60000,0.60000,3.32603
1.25000,1.75000,0.60000,0.80000,3.23022
1.25000,1.75000,0.80000,0.00000,3.45336
1.25000,1.75000,0.80000,0.20000,3.43535
1.25000,1.75000,0.80000,0.40000,3.39957
1.25000,1.75000,0.80000,0.60000,3.34598
1.25000,1.75000,0.80000,0.80000,3.27466
1.50000,0.50000,0.00000,0.00000,2.56692
1.50000,0.50000,0.00000,0.20000,2.49909
1.50000,0.50000,0.00000,0.40000,2.42192
1.50000,0.50000,0.00000,0.60000,2.33647
1.50000,0.50000,0.00000,0.80000,2.24416
1.50000,0.50000,0.20000,0.00000,2.57549
1.50000,0.50000,0.20000,0.20000,2.52158
1.50000,0.50000,0.20000,0.40000,2.45727
1.50000,0.50000,0.20000,0.60000,2.38332
1.50000,0.50000,0.20000,0.80000,2.30071
1.50000,0.50000,0.40000,0.00000,2.55815
1.50000,0.50000,0.40000,0.20000,2.51926
1.50000,0.50000,0.40000,0.40000,2.46928
1.50000,0.50000,0.40000,0.60000,2.40872
1.50000,0.50000,0.40000,0.80000,2.33825
1.50000,0.50000,0.60000,0.00000,2.51413
1.50000,0.50000,0.60000,0.20000,2.49095
1.50000,0.50000,0.60000,0.40000,2.45629
1.50000,0.50000,0.60000,0.60000,2.41044
1.50000,0.50000,0.60000,0.80000,2.35386
1.50000,0.50000,0.80000,0.00000,2.44317
1.50000,0.50000,0.80000,0.20000,2.43603
1.50000,0.50000,0.80000,0.40000,2.41727
1.50000,0.50000,0.80000,0.60000,2.38702
1.50000,0.50000,0.80000,0.80000,2.34552
1.50000,0.75000,0.00000,0.00000,2.77058
1.50000,0.75000,0.00000,0.20000,2.68383
1.50000,0.75000,0.00000,0.40000,2.58414
1.50000,0.75000,0.00000,0.60000,2.47231
1.50000,0.75000,0.00000,0.80000,2.34934
1.50000,0.75000,0.20000,0.00000,2.79935
1.50000,0.75000,0.20000,0.20000,2.73113
1.50000,0.75000,0.20000,0.40000,2.64919
1.50000,0.75000,0.20000,0.60000,2.55412
1.50000,0.75000,0.20000,0.80000,2.44663
1.50000,0.75000,0.40000,0.00000,2.79635
1.50000,0.75000,0.40000,0.20000,2.74752
1.50000,0.75000,0.40000,0.40000,2.68448
1.50000,0.75000,0.40000,0.60000,2.60761
1.50000,0.75000,0.40000,0.80000,2.51742
1.50000,0.75000,0.60000,0.00000,2.76098
1.50000,0.75000,0.60000,0.20000,2.73206
1.50000,0.75000,0.60000,0.40000,2.68866
1.50000,0.75000,0.60000,0.60000,2.63102
1.50000,0.75000,0.60000,0.80000,2.55947
1.50000,0.75000,0.80000,0.00000,2.69315
1.50000,0.75000,0.80000,0.20000,2.68428
1.50000,0.75000,0.80000,0.40000,2.66094
1.50000,0.75000,0.80000,0.60000,2.62318
1.50000,0.75000,0.80000,0.80000,2.57117
1.50000,1.00000,0.00000,0.00000,2.98760
1.50000,1.00000,0.00000,0.20000,2.88749
1.50000,1.00000,0.00000,0.40000,2.77200
1.50000,1.00000,0.00000,0.60000,2.64180
1.50000,1.00000,0.00000,0.80000,2.49767
1.50000,1.00000,0.20000,0.00000,3.03074
1.50000,1.00000,0.20000,0.20000,2.95237
1.50000,1.00000,0.20000,0.40000,2.85798
1.50000,1.00000,0.20000,0.60000,2.74807
1.50000,1.00000,0.20000,0.80000,2.62324
1.50000,1.00000,0.40000,0.00000,3.03795
1.50000,1.00000,0.40000,0.20000,2.98208
1.50000,1.00000,0.40000,0.40000,2.90977
1.50000,1.00000,0.40000,0.60000,2.82138
1.50000,1.00000,0.40000,0.80000,2.71734
1.50000,1.00000,0.60000,0.00000,3.00874
1.50000,1.00000,0.60000,0.20000,2.97575
1.50000,1.00000,0.60000,0.40000,2.92616
1.50000,1.00000,0.60000,0.60000,2.86017
1.50000,1.00000,0.60000,0.80000,2.77804
1.50000,1.00000,0.80000,0.00000,2.94314
1.50000,1.00000,0.80000,0.20000,2.93305
1.50000,1.00000,0.80000,0.40000,2.90646
1.50000,1.00000,0.80000,0.60000,2.86339
1.50000,1.00000,0.80000,0.80000,2.80395
1.50000,1.25000,0.00000,0.00000,3.21304
1.50000,1.25000,0.00000,0.20000,3.10312
1.50000,1.25000,0.00000,0.40000,2.97615
1.50000,1.25000,0.00000,0.60000,2.83278
1.50000,1.25000,0.00000,0.80000,2.67376
1.50000,1.25000,0.20000,0.00000,3.26684
1.50000,1.25000,0.20000,0.20000,3.18095
1.50000,1.25000,0.20000,0.40000,3.07740
1.50000,1.25000,0.20000,0.60000,2.95666
1.50000,1.25000,0.20000,0.80000,2.81934
1.50000,1.25000,0.40000,0.00000,3.28168
1.50000,1.25000,0.40000,0.20000,3.22055
1.50000,1.25000,0.40000,0.40000,3.14138
1.50000,1.25000,0.40000,0.60000,3.04448
1.50000,1.25000,0.40000,0.80000,2.93031
1.50000,1.25000,0.60000,0.00000,3.25708
1.50000,1.25000,0.60000,0.20000,3.22104
1.50000,1.25000,0.60000,0.40000,3.16685
1.50000,1.25000,0.60000,0.60000,3.09465
1.50000,1.25000,0.60000,0.80000,3.00472
1.50000,1.25000,0.80000,0.00000,3.19313
1.50000,1.25000,0.80000,0.20000,3.18213
1.50000,1.25000,0.80000,0.40000,3.15313
1.50000,1.25000,0.80000,0.60000,3.10610
1.50000,1.25000,0.80000,0.80000,3.04114
1.50000,1.50000,0.00000,0.00000,3.44408
1.50000,1.50000,0.00000,0.20000,3.32669
1.50000,1.50000,0.00000,0.40000,3.19108
1.50000,1.50000,0.00000,0.60000,3.03795
1.50000,1.50000,0.00000,0.80000,2.86810
1.50000,1.50000,0.20000,0.00000,3.50609
1.50000,1.50000,0.20000,0.20000,3.41441
1.50000,1.50000,0.20000,0.40000,3.30386
1.50000,1.50000,0.20000,0.60000,3.17495
1.50000,1.50000,0.20000,0.80000,3.02831
1.50000,1.50000,0.40000,0.00000,3.52683
1.50000,1.50000,0.40000,0.20000,3.46163
1.50000,1.50000,0.40000,0.40000,3.37717
1.50000,1.50000,0.40000,0.60000,3.27378
1.50000,1.50000,0.40000,0.80000,3.15193
1.50000,1.50000,0.60000,0.00000,3.50579
1.50000,1.50000,0.60000,0.20000,3.46740
1.50000,1.50000,0.60000,0.40000,3.40964
1.50000,1.50000,0.60000,0.60000,3.33267
1.50000,1.50000,0.60000,0.80000,3.23676
1.50000,1.50000,0.80000,0.00000,3.44312
1.50000,1.50000,0.80000,0.20000,3.43142
1.50000,1.50000,0.80000,0.40000,3.40055
1.50000,1.50000,0.80000,0.60000,3.35046
1.50000,1.50000,0.80000,0.80000,3.28126
1.50000,1.75000,0.00000,0.00000,3.67902
1.50000,1.75000,0.00000,0.20000,3.55578
1.50000,1.75000,0.00000,0.40000,3.41346
1.50000,1.75000,0.00000,0.60000,3.25285
1.50000,1.75000,0.00000,0.80000,3.07485
1.50000,1.75000,0.20000,0.00000,3.74752
1.50000,1.75000,0.20000,0.20000,3.65127
1.50000,1.75000,0.20000,0.40000,3.53522
1.50000,1.75000,0.20000,0.60000,3.39994
1.50000,1.75000,0.20000,0.80000,3.24614
1.50000,1.75000,0.40000,0.00000,3.77295
1.50000,1.75000,0.40000,0.20000,3.70452
1.50000,1.75000,0.40000,0.40000,3.61587
1.50000,1.75000,0.40000,0.60000,3.50737
1.50000,1.75000,0.40000,0.80000,3.37951
1.50000,1.75000,0.60000,0.00000,3.75476
1.50000,1.75000,0.60000,0.20000,3.71449
1.50000,1.75000,0.60000,0.40000,3.65390
1.50000,1.75000,0.60000,0.60000,3.57314
1.50000,1.75000,0.60000,0.80000,3.47252
1.50000,1.75000,0.80000,0.00000,3.69312
1.50000,1.75000,0.80000,0.20000,3.68086
1.50000,1.75000,0.80000,0.40000,3.64850
1.50000,1.75000,0.80000,0.60000,3.59598
1.50000,1.75000,0.80000,0.80000,3.52340
1.75000,0.50000,0.00000,0.00000,2.81635
1.75000,0.50000,0.00000,0.20000,2.74760
1.75000,0.50000,0.00000,0.40000,2.66922
1.75000,0.50000,0.00000,0.60000,2.58245
1.75000,0.50000,0.00000,0.80000,2.48892
1.75000,0.50000,0.20000,0.00000,2.82546
1.75000,0.50000,0.20000,0.20000,2.77144
1.75000,0.50000,0.20000,0.40000,2.70654
1.75000,0.50000,0.20000,0.60000,2.63164
1.75000,0.50000,0.20000,0.80000,2.54786
1.75000,0.50000,0.40000,0.00000,2.80696
1.75000,0.50000,0.40000,0.20000,2.76897
1.75000,0.50000,0.40000,0.40000,2.71928
1.75000,0.50000,0.40000,0.60000,2.65848
1.75000,0.50000,0.40000,0.80000,2.58733
1.75000,0.50000,0.60000,0.00000,2.75989
1.75000,0.50000,0.60000,0.20000,2.73874
1.75000,0.50000,0.60000,0.40000,2.70543
1.75000,0.50000,0.60000,0.60000,2.66030
1.75000,0.50000,0.60000,0.80000,2.60384
1.75000,0.50000,0.80000,0.00000,2.68391
1.75000,0.50000,0.80000,0.20000,2.68001
1.75000,0.50000,0.80000,0.40000,2.66378
1.75000,0.50000,0.80000,0.60000,2.63534
1.75000,0.50000,0.80000,0.80000,2.59498
1.75000,0.75000,0.00000,0.00000,3.01804
1.75000,0.75000,0.00000,0.20000,2.92880
1.75000,0.75000,0.00000,0.40000,2.82596
1.75000,0.75000,0.00000,0.60000,2.71050
1.75000,0.75000,0.00000,0.80000,2.58364
1.75000,0.75000,0.20000,0.00000,3.04913
1.75000,0.75000,0.20000,0.20000,2.97981
1.75000,0.75000,0.20000,0.40000,2.89591
1.75000,0.75000,0.20000,0.60000,2.79814
1.75000,0.75000,0.20000,0.80000,2.68737
1.75000,0.75000,0.40000,0.00000,3.04587
1.75000,0.75000,0.40000,0.20000,2.99752
1.75000,0.75000,0.40000,0.40000,2.93397
1.75000,0.75000,0.40000,0.60000,2.85568
1.75000,0.75000,0.40000,0.80000,2.76327
1.75000,0.75000,0.60000,0.00000,3.00751
1.75000,0.75000,0.60000,0.20000,2.98076
1.75000,0.75000,0.60000,0.40000,2.93849
1.75000,0.75000,0.60000,0.60000,2.88094
1.75000,0.75000,0.60000,0.80000,2.80852
1.75000,0.75000,0.80000,0.00000,2.93386
1.75000,0.75000,0.80000,0.20000,2.92894
1.75000,0.75000,0.80000,0.40000,2.90845
1.75000,0.75000,0.80000,0.60000,2.87246
1.75000,0.75000,0.80000,0.80000,2.82115
1.75000,1.00000,0.00000,0.00000,3.23274
1.75000,1.00000,0.00000,0.20000,3.12859
1.75000,1.00000,0.00000,0.40000,3.00797
1.75000,1.00000,0.00000,0.60000,2.87171
1.75000,1.00000,0.00000,0.80000,2.72074
1.75000,1.00000,0.20000,0.00000,3.27990
1.75000,1.00000,0.20000,0.20000,3.19942
1.75000,1.00000,0.20000,0.40000,3.10169
1.75000,1.00000,0.20000,0.60000,2.98731
1.75000,1.00000,0.20000,0.80000,2.85699
1.75000,1.00000,0.40000,0.00000,3.28780
1.75000,1.00000,0.40000,0.20000,3.23190
1.75000,1.00000,0.40000,0.40000,3.15824
1.75000,1.00000,0.40000,0.60000,3.06723
1.75000,1.00000,0.40000,0.80000,2.95938
1.75000,1.00000,0.60000,0.00000,3.25579
1.75000,1.00000,0.60000,0.20000,3.22496
1.75000,1.00000,0.60000,0.40000,3.17616
1.75000,1.00000,0.60000,0.60000,3.10959
1.75000,1.00000,0.60000,0.80000,3.02557
1.75000,1.00000,0.80000,0.00000,3.18382
1.75000,1.00000,0.80000,0.20000,3.17817
1.75000,1.00000,0.80000,0.40000,3.15459
1.75000,1.00000,0.80000,0.60000,3.11310
1.75000,1.00000,0.80000,0.80000,3.05386
1.75000,1.25000,0.00000,0.00000,3.45595
1.75000,1.25000,0.00000,0.20000,3.34058
1.75000,1.25000,0.00000,0.40000,3.20673
1.75000,1.25000,0.00000,0.60000,3.05512
1.75000,1.25000,0.00000,0.80000,2.88662
1.75000,1.25000,0.20000,0.00000,3.51528
1.75000,1.25000,0.20000,0.20000,3.42636
1.75000,1.25000,0.20000,0.40000,3.31822
1.75000,1.25000,0.20000,0.60000,3.19142
1.75000,1.25000,0.20000,0.80000,3.04663
1.75000,1.25000,0.40000,0.00000,3.53165
1.75000,1.25000,0.40000,0.20000,3.47002
1.75000,1.25000,0.40000,0.40000,3.38872
1.75000,1.25000,0.40000,0.60000,3.28812
1.75000,1.25000,0.40000,0.80000,3.16872
1.75000,1.25000,0.60000,0.00000,3.50448
1.75000,1.25000,0.60000,0.20000,3.47055
1.75000,1.25000,0.60000,0.40000,3.41680
1.75000,1.25000,0.60000,0.60000,3.34339
1.75000,1.25000,0.60000,0.80000,3.25063
1.75000,1.25000,0.80000,0.00000,3.43379
1.75000,1.25000,0.80000,0.20000,3.42758
1.75000,1.25000,0.80000,0.40000,3.40166
1.75000,1.25000,0.80000,0.60000,3.35601
1.75000,1.25000,0.80000,0.80000,3.29076
1.75000,1.50000,0.00000,0.00000,3.68496
1.75000,1.50000,0.00000,0.20000,3.56092
1.75000,1.50000,0.00000,0.40000,3.41692
1.75000,1.50000,0.00000,0.60000,3.25371
1.75000,1.50000,0.00000,0.80000,3.07215
1.75000,1.50000,0.20000,0.00000,3.75380
1.75000,1.50000,0.20000,0.20000,3.65829
1.75000,1.50000,0.20000,0.40000,3.54208
1.75000,1.50000,0.20000,0.60000,3.40573
1.75000,1.50000,0.20000,0.80000,3.24994
1.75000,1.50000,0.40000,0.00000,3.77683
1.75000,1.50000,0.40000,0.20000,3.71069
1.75000,1.50000,0.40000,0.40000,3.62342
1.75000,1.50000,0.40000,0.60000,3.51537
1.75000,1.50000,0.40000,0.80000,3.38705
1.75000,1.50000,0.60000,0.00000,3.75345
1.75000,1.50000,0.60000,0.20000,3.71709
1.75000,1.50000,0.60000,0.40000,3.65946
1.75000,1.50000,0.60000,0.60000,3.58070
1.75000,1.50000,0.60000,0.80000,3.48114
1.75000,1.50000,0.80000,0.00000,3.68377
1.75000,1.50000,0.80000,0.20000,3.67712
1.75000,1.50000,0.80000,0.40000,3.64936
1.75000,1.50000,0.80000,0.60000,3.60045
1.75000,1.50000,0.80000,0.80000,3.53050
1.75000,1.75000,0.00000,0.00000,3.91810
1.75000,1.75000,0.00000,0.20000,3.78718
1.75000,1.75000,0.00000,0.40000,3.63519
1.75000,1.75000,0.00000,0.60000,3.46297
1.75000,1.75000,0.00000,0.80000,3.27144
1.75000,1.75000,0.20000,0.00000,3.99455
1.75000,1.75000,0.20000,0.20000,3.89376
1.75000,1.75000,0.20000,0.40000,3.77113
1.75000,1.75000,0.20000,0.60000,3.62725
1.75000,1.75000,0.20000,0.80000,3.46287
1.75000,1.75000,0.40000,0.00000,4.02293
1.75000,1.75000,0.40000,0.20000,3.95318
1.75000,1.75000,0.40000,0.40000,3.86112
1.75000,1.75000,0.40000,0.60000,3.74713
1.75000,1.75000,0.40000,0.80000,3.61176
1.75000,1.75000,0.60000,0.00000,4.00262
1.75000,1.75000,0.60000,0.20000,3.96430
1.75000,1.75000,0.60000,0.40000,3.90354
1.75000,1.75000,0.60000,0.60000,3.82050
1.75000,1.75000,0.60000,0.80000,3.71550
1.75000,1.75000,0.80000,0.00000,3.93375
1.75000,1.75000,0.80000,0.20000,3.92675
1.75000,1.75000,0.80000,0.40000,3.89751
1.75000,1.75000,0.80000,0.60000,3.84598
1.75000,1.75000,0.80000,0.80000,3.77225
